landlot_address,road_name_address,x,y
경기도 수원시 권선구 오목천동 667번지 1호,경기도 수원시 권선구 서수원로99번길 16 (오목천동),197531.4826,414958.2596
경기도 수원시 권선구 세류동 1081번지 청솔오피스텔,"경기도 수원시 권선구 장다리로 64, 청솔오피스텔 102호 (세류동)",201730.4317,417114.7241
경기도 수원시 권선구 호매실동 1340 수원호매실휴먼시아7단지아파트,"경기도 수원시 권선구 금곡로102번길 126, 상가동 103호 (호매실동, 수원호매실휴먼시아7단지아파트)",194768.9452,418546.191
경기도 수원시 권선구 서둔동 17번지 242호,"경기도 수원시 권선구 세화로151번길 32, 1층 (서둔동)",199213.3841,418134.7321
경기도 수원시팔달구 매산로2가 11번지 6호,경기도 수원시 팔달구 갓매산로 56 (매산로2가),200346.6757,418604.4717
경기도 수원시권선구 곡반정동 호 23블럭9롯트,,,
경기도 수원시 장안구 조원동 893 아울렛쇼핑타운,"경기도 수원시 장안구 경수대로 950, 아울렛쇼핑타운 1동 4층 424호 (조원동)",200590.5117,422392.3846
경기도 수원시 영통구 영통동 964-8 신나무실주공아파트,"경기도 수원시 영통구 영통로290번길 23, 신나무실주공아파트 상가동 1층 104호,105호 (영통동)",205453.1563,416653.3588
경기도 수원시 권선구 세류2동 548번지 19호 1층,"경기도 수원시 권선구 덕영대로1070번길 6, 1층 (세류동)",200714.262,416971.4244
경기도 수원시권선구 권선동 1162번지 16  호,경기도 수원시 권선구 권중로15번길 3 (권선동),202864.6325,417117.1654
경기도 수원시 팔달구 매산로1가 18 AK플라자,"경기도 수원시 팔달구 덕영대로 924, 수원역 국철하행, AK플라자 (매산로1가)",199920.1947,418246.9271
경기도 수원시팔달구 매산로1가 수원역 전철하행,,,
경기도 수원시 팔달구 매산로1가 18 AK플라자,"경기도 수원시 팔달구 덕영대로 924, 국철 맞이방, AK플라자 (매산로1가)",199920.1947,418246.9271
경기도 수원시권선구 곡반정동 592번지 7호,경기도 수원시 권선구 곡반정로19번길 69 (곡반정동),202239.5101,414734.2291
경기도 수원시권선구 권선동 1166번지 4호,경기도 수원시 권선구 권선로 774-1 (권선동),203089.0034,417182.1702
경기도 수원시영통구 매탄동 1231번지 1   호,경기도 수원시 영통구 매영로 134 (매탄동),204993.3495,418275.538
경기도 수원시팔달구 우만동 135번지 62  호,경기도 수원시 팔달구 중부대로183번길 40 (우만동),203257.063,419629.6239
경기도 수원시팔달구 지동 111번지 13  호,경기도 수원시 팔달구 세지로306번길 33 (지동),202200.8359,419552.8792
경기도 수원시팔달구 인계동 1026번지 9   호,경기도 수원시 팔달구 효원로219번길 36 (인계동),202300.9236,418105.0716
경기도 수원시 권선구 권선동 1274 신동아아파트,"경기도 수원시 권선구 권중로 136, 110호, 111호 (권선동, 신동아아파트)",202772.6462,416289.5657
경기도 수원시영통구 원천동 203번지 7   호,경기도 수원시 영통구 동탄원천로1119번길 13 (원천동),205143.7611,418638.1424
경기도 수원시 권선구 권선동 1189번지,경기도 수원시 권선구 경수대로 270 (권선동),201782.7331,416501.6997
경기도 수원시 권선구 곡반정동 516번지 2호,경기도 수원시 권선구 동수원로146번길 27 (곡반정동),202719.8807,415794.2388
경기도 수원시 권선구 탑동 790번지 2호,경기도 수원시 권선구 탑동로48번길 12 (탑동),197697.0625,419027.557
경기도 수원시장안구 조원동 763번지 21  호,경기도 수원시 장안구 경수대로 862 (조원동),201172.4701,421758.9233
경기도 수원시권선구 세류동 342호 심우연립 1동 101호,"경기도 수원시 권선구 수원천로 75 (세류동,심우연립 1동 101호)",200913.4801,417778.6468
경기도 수원시 권선구 세류동 1011번지 31호,"경기도 수원시 권선구 세권로108번길 42, 1층 (세류동)",201265.5558,417109.6437
경기도 수원시 권선구 세류동 141번지 성원아파트,"경기도 수원시 권선구 정조로 618, 101,106호 (세류동, 성원아파트)",201320.5692,417947.1714
경기도 수원시 영통구 매탄동 923번지 34호,경기도 수원시 영통구 인계로220번길 6-85 (매탄동),203556.5471,418003.6467
경기도 수원시팔달구 매산로3가 128번지 4   호,경기도 수원시 팔달구 효원로 36 (매산로3가),200705.8329,418716.5318
경기도 수원시 팔달구 인계동 1031번지 6호 101.호,"경기도 수원시 팔달구 효원로249번길 47, 101.105호 (인계동)",202570.6881,418082.4437
경기도 수원시 영통구 이의동 1240번지,"경기도 수원시 영통구 광교로 191, 매장 2층 (이의동)",204159.79,421622.5758
"경기도 수원시 영통구 영통동 988-2 살구골 진덕,서광,성지,동아 아파트","경기도 수원시 영통구 봉영로 1526, 제상가동 1층 102,106호 (영통동, 살구골 진덕,서광,성지,동아 아파트)",206158.3369,416220.4352
경기도 수원시 영통구 원천동 66번지 5호,"경기도 수원시 영통구 월드컵로 151, 101호 (원천동)",204229.8257,419471.9937
경기도 수원시 영통구 영통동 969번지 1호 삼성.태영 아파트,"경기도 수원시 영통구 봉영로1517번길 73, 상가동 108호, 109호, 110호 (영통동, 삼성.태영 아파트)",205586.6307,416372.4954
경기도 수원시 영통구 이의동 1322-8,"경기도 수원시 영통구 센트럴타운로 114, 1층 (이의동)",204323.284,421225.6183
경기도 수원시 장안구 영화동 342번지 11호,"경기도 수원시 장안구 정조로945번길 13, 1층 (영화동)",200927.1496,421050.3395
경기도 수원시 팔달구 화서동 97번지 1호 화서상가 나호,"경기도 수원시 팔달구 동말로 72, 나호 (화서동, 화서상가)",200114.6561,419621.3797
경기도 수원시 팔달구 지동 216번지 10호,경기도 수원시 팔달구 세지로 373-4 (지동),202304.0376,420204.6308
경기도 수원시 팔달구 고등동 44번지 3호,경기도 수원시 팔달구 고화로61번길 19 (고등동),200377.4746,419197.6329
경기도 수원시팔달구 인계동 968호,경기도 수원시 팔달구 장다리로 245 (인계동),202276.9878,418850.3819
경기도 수원시 권선구 구운동 952번지 1호,경기도 수원시 권선구 구운로63번길 51 (구운동),197254.8115,419681.8059
경기도 수원시 권선구 권선동 1157번지 4호,경기도 수원시 권선구 권중로12번길 14 (권선동),202783.0206,417181.6024
경기도 수원시 팔달구 고등동 3번지 19호,경기도 수원시 팔달구 고화로108번길 1 (고등동),200536.1864,419666.9535
경기도 수원시팔달구 팔달로1가 12번지 5호,경기도 수원시 팔달구 정조로800번길 2 (팔달로1가),201427.6574,419719.6547
경기도 수원시 권선구 서둔동 156번지 14호,,,
경기도 수원시 권선구 세류동 1108번지 23호,"경기도 수원시 권선구 세지로12번길 33-1, 1층 (세류동)",201401.4559,416773.2952
경기도 수원시 권선구 권선동 1364번지,경기도 수원시 권선구 동수원로177번길 40 (상가)800동 115호 (권선동),202599.7944,416089.1258
경기도 수원시 권선구 세류동 1117-14,경기도 수원시 권선구 세지로12번길 46 (세류동),201468.9598,416723.8488
경기도 수원시 영통구 매탄동 199-40,"경기도 수원시 영통구 산남로 73, 1층 (매탄동)",204295.8091,418612.8831
경기도 수원시 영통구 망포동 370번지 3호,"경기도 수원시 영통구 영통로153번길 6, 1층 (망포동)",204799.1083,415501.325
경기도 수원시 영통구 망포동 651번지 5호,경기도 수원시 영통구 태장로 68 (망포동),204706.2314,415225.3631
경기도 수원시 영통구 영통동 1010번지 9호,"경기도 수원시 영통구 반달로35번길 19, 110,111호 (영통동, 대원빌딩)",206698.2869,416640.7714
경기도 수원시 영통구 매탄동 1235-1 우영프라자,"경기도 수원시 영통구 인계로 260, 우영프라자 105호 (매탄동)",203983.434,417993.3832
경기도 수원시 영통구 망포동 725 영통 SK VIEW,"경기도 수원시 영통구 영통로200번길 112, 근린생활시설동 101호 (망포동, 영통 SK VIEW)",205453.5767,415644.9696
경기도 수원시 영통구 영통동 1010-13 거성빌딩,"경기도 수원시 영통구 청명남로 30, 거성빌딩 1층 104호 (영통동)",206621.4738,416699.1751
경기도 수원시 영통구 매탄동 361-8,"경기도 수원시 영통구 삼성로 245, 1층 (매탄동)",205348.3574,418046.5566
경기도 수원시 권선구 권선동 1337번지 수원아이파크시티7단지,"경기도 수원시 권선구 덕영대로1190번길 100, 112호,113호 (권선동, 수원아이파크시티7단지)",201706.2828,416059.045
경기도 수원시 영통구 매탄2동 130번지 58호,경기도 수원시 영통구 매여울로40번길 92 (매탄동),204373.8411,418967.3015
경기도 수원시 팔달구 인계동 1004번지 6호,"경기도 수원시 팔달구 세지로152번길 11, 1층 (인계동)",201845.0398,418110.6336
경기도 수원시팔달구 우만동 89번지 26  호 1층,"경기도 수원시 팔달구 권광로340번길 79 (우만동,1층)",203686.554,419354.6879
경기도 수원시 팔달구 화서동 649번지 2호,경기도 수원시 팔달구 덕영대로697번길 34 (화서동),199222.6904,420331.5416
경기도 수원시 팔달구 인계동 1044번지 13호,경기도 수원시 팔달구 효원로249번길 18-17 (인계동),202642.2369,417919.9416
경기도 수원시장안구 정자동 914번지 대림진흥아파트 상가 103호,"경기도 수원시 장안구 천천로74번길 92 (정자동,대림진흥아파트 상가 103호)",198932.6076,422055.7499
경기도 수원시 권선구 구운동 528,"경기도 수원시 권선구 구운로27번길 33, 1층 (구운동)",197667.2259,419292.0191
경기도 수원시영통구 매탄동 872번지 1   호,경기도 수원시 영통구 인계로270번길 2 (매탄동),204078.778,417966.7692
경기도 수원시 팔달구 인계동 1024번지 10호   101호,"경기도 수원시 팔달구 경수대로446번길 13, 101호 (인계동)",202358.8899,418222.8458
경기도 수원시 팔달구 고등동 74번지 33호,경기도 수원시 팔달구 고화로13번길 2 (고등동),200599.3594,418757.1144
경기도 수원시 권선구 세류3동 569번지 39호,경기도 수원시 권선구 정조로 479-12 (세류동),200897.2328,416642.9848
경기도 수원시영통구 신동 340번지 13호,경기도 수원시 영통구 영통로241번길 12-6 (신동),205005.0574,416369.3097
경기도 수원시 영통구 하동 966,"경기도 수원시 영통구 법조로149번길 101, 1층 (하동)",206042.6743,421323.0977
경기도 수원시 장안구 조원동 759번지 14호,경기도 수원시 장안구 조원로111번길 47 (조원동),201051.3125,422050.891
경기도 수원시 영통구 매탄동 1205-5,경기도 수원시 영통구 매봉로35번길 12(매탄동),204567.5867,418828.5478
경기도 수원시 영통구 원천동 327번지,"경기도 수원시 영통구 삼성로 290, 지하1층 (원천동, 삼성전자(주)CS아카데미)",205744.2104,418201.0497
경기도 수원시 영통구 망포동 345번지 20호,"경기도 수원시 영통구 영통로174번길 85, 1층 (망포동)",205263.7932,415780.378
경기도 수원시 장안구 정자동 29번지 3호,"경기도 수원시 장안구 정자천로188번길 49, 1층 (정자동)",199721.7568,421389.0291
경기도 수원시 장안구 천천동 339번지 17호 순현타운,"경기도 수원시 장안구 화산로125번길 26, 순현타운 101호 (천천동)",198073.3453,421346.2128
경기도 수원시 장안구 천천동 325번지 40호 신원프라자,"경기도 수원시 장안구 정자천로13번길 45, 신원프라자 104, 105호 (천천동)",198006.311,420979.4163
경기도 수원시 장안구 송죽동 453번지 29호,경기도 수원시 장안구 경수대로973번길 18 (송죽동),200292.6186,422413.9652
경기도 수원시 장안구 율전동 168번지 106호,"경기도 수원시 장안구 덕영대로381번길 64, 1층 (율전동)",197005.1221,422259.8157
"경기도 수원시 장안구 연무동 21번지 유천프라자 121,122호","경기도 수원시 장안구 창훈로66번길 11-3, 121,122호 (연무동,유천프라자)",202451.8617,421775.3469
경기도 수원시 장안구 정자동 72번지 3호,경기도 수원시 장안구 장안로 77 (정자동),200141.7712,421041.3576
경기도 수원시팔달구 고등동 254번지 8   호,,,
경기도 수원시 팔달구 매산로3가 94번지 1호,경기도 수원시 팔달구 효원로60번길 30 (매산로3가),200609.5705,418419.8281
경기도 수원시 장안구 정자동 873번지 4호,경기도 수원시 장안구 정자천로 199 (정자동),199631.328,421764.7642
경기도 수원시 장안구 송죽동 77번지 1호,경기도 수원시 장안구 경수대로976번길 32 (송죽동),200331.6925,422682.7341
경기도 수원시 영통구 이의동 1347번지 3호 에듀프라자 103호,"경기도 수원시 영통구 도청로89번길 43 (이의동,에듀프라자 103호)",204129.1799,420809.2767
경기도 수원시 권선구 곡반정동 604번지 1호 1층,"경기도 수원시 권선구 경수대로54번길 58, 1층 (곡반정동)",202096.9534,414695.0088
경기도 수원시팔달구 매산로2가 40번지 1   호 동인트루빌오피스텔  109,"경기도 수원시 팔달구 매산로 51, 109호 (매산로2가,동인트루빌오피스텔)",200539.237,418582.5587
경기도 수원시권선구 곡반정동 호 23블럭 9롯트 102호,,,
경기도 수원시권선구 입북동 426번지 1호,경기도 수원시 권선구 수인로 446 (입북동),196288.1869,421198.8883
경기도 수원시권선구 탑동 839번지 1호 가림주택 11차 101호,"경기도 수원시 권선구 상탑로 22 (탑동,가림주택 11차 101호)",197600.4985,418755.4076
경기도 수원시 권선구 권선동 1013번지 지오베르크 101호,"경기도 수원시 권선구 효원로256번길 7, 101호 (권선동, 지오베르크)",202568.8623,417746.467
경기도 수원시 권선구 곡반정동 533번지 8호 101호,"경기도 수원시 권선구 동수원로146번길 200-3, 101호 (곡반정동)",202834.9036,415559.0411
경기도 수원시 권선구 고색동,"경기도 수원시 권선구 고산로6번길 45 (고색동, 대원아파트상가 105,106,109)",198526.4946,416287.7824
경기도 수원시 장안구 영화동 297번지 1호,"경기도 수원시 장안구 정조로946번길 8, 1층 (영화동)",201039.9789,421117.2235
경기도 수원시 장안구 파장동 212번지 23호,"경기도 수원시 장안구 경수대로 1092, 1층 (파장동)",199334.6716,423121.7456
경기도 수원시 장안구 정자동 327번지 13호 굽네치킨,"경기도 수원시 장안구 대평로142번길 21, 굽네치킨 1층 (정자동)",199158.8534,422099.3739
경기도 수원시 장안구 조원동 894번지 일호골든타워,"경기도 수원시 장안구 경수대로 940, 일호골든타워 2층 (조원동)",200646.5559,422349.6776
경기도 수원시 팔달구 매산로1가 18번지,경기도 수원시 팔달구 덕영대로 924 (매산로1가),199920.1947,418246.9271
경기도 수원시 영통구 영통동 968번지 동보.신명아파트,"경기도 수원시 영통구 매영로310번길 87, 동보.신명아파트 지하층 101,102,103호 (영통동)",205723.6298,416560.8863
경기도 수원시 영통구 망포동 355번지 12호,"경기도 수원시 영통구 영통로174번길 64, 1층 (망포동)",205178.2407,415701.8841
경기도 수원시 영통구 영통동 954번지 1호,"경기도 수원시 영통구 영통로 513, 1층 (영통동)",206798.9181,418071.1718
경기도 수원시 영통구 매탄동 199-63,"경기도 수원시 영통구 매영로 55, 1층 101호 (매탄동)",204265.154,418552.9261
경기도 수원시팔달구 우만동 518번지 17  호,경기도 수원시 팔달구 월드컵로311번길 12-2 (우만동),202945.2104,420431.6028
경기도 수원시팔달구 매산로1가 41번지 6   호,경기도 수원시 팔달구 매산로 21-11 (매산로1가),200246.3436,418469.5085
경기도 수원시 권선구 금곡동 1113-1,"경기도 수원시 권선구 금곡로197번길 18-20, 수원호매실     동광뷰웰 1층 109호 (금곡동)",195700.3369,419167.0657
경기도 수원시 권선구 권선동 1240번지 현대아파트,"경기도 수원시 권선구 매탄로 11, 상가동 1층 110호 (권선동, 현대아파트)",203184.0657,416820.5968
경기도 수원시 장안구 율전동 287번지 다래원,"경기도 수원시 장안구 서부로 2130, 다래원 지하층 (율전동)",197439.3369,421821.5184
경기도 수원시 장안구 파장동 594번지 3호,경기도 수원시 장안구 경수대로1043번길 8 (파장동),199707.0117,422822.5726
경기도 수원시장안구 조원동 776번지 9   호,경기도 수원시 장안구 송정로 128 (조원동),200913.5059,421564.503
경기도 수원시 권선구 세류동 1147번지 1호,경기도 수원시 권선구 정조로 430 (세류동),201136.9159,416182.0969
경기도 수원시장안구 송죽동 374번지 31호,경기도 수원시 장안구 송원로13번길 33 (송죽동),200252.7856,421761.2788
경기도 수원시장안구 조원동 742번지 4호,경기도 수원시 장안구 조원로 77 (조원동),201397.6965,422011.7746
경기도 수원시 장안구 조원1동 519번지 215호 3호,"경기도 수원시 장안구 조원로54번길 27, 1층 3호 (조원동)",201724.6587,421884.2742
경기도 수원시 장안구 조원동 851번지 1호 금남빌 1층상가,"경기도 수원시 장안구 금당로9번길 76 (조원동,금남빌 1층상가)",201101.0293,422456.9166
경기도 수원시 장안구 율전동 285번지 2호,"경기도 수원시 장안구 서부로 2139, 1층 1001~1002,1005~1011호 (율전동, 에스케이허브블루)",197415.8413,421942.3206
경기도 수원시 장안구 정자동 37번지 27호,경기도 수원시 장안구 영화로97번길 32 (정자동),200233.915,421376.1742
경기도 수원시 영통구 신동 973,경기도 수원시 영통구 권선로882번길 107-50(신동),203611.2699,416099.338
경기도 수원시 권선구 세류동,경기도 수원시 권선구 덕영대로1145번길 37 (세류동),201445.9763,416782.4881
경기도 수원시 장안구 조원동 750번지 32호,경기도 수원시 장안구 송원로86번길 1 (조원동),200839.3807,422257.7682
경기도 수원시 장안구 영화동 422번지 8호,"경기도 수원시 장안구 수성로262번길 65, 1층 (영화동)",200295.8854,420671.5369
경기도 수원시 장안구 파장동 627번지 1호 수일공판장,"경기도 수원시 장안구 파장천로44번길 76, 수일공판장 1층 (파장동)",199902.5033,422841.1207
경기도 수원시 장안구 율전동 402번지 8호 성대공장,"경기도 수원시 장안구 서부로 2121, 성대공장 1,2층 (율전동)",197341.7451,421783.2053
경기도 수원시팔달구 고등동 226번지 90  호,경기도 수원시 팔달구 팔달로29번길 39-8 (고등동),199838.3695,418826.1326
경기도 수원시 팔달구 우만동 528번지 17호,경기도 수원시 팔달구 팔달문로 131 (우만동),202612.3861,420044.6162
경기도 수원시 팔달구 매교동 25번지 4호 건영캐스빌상가 102호,"경기도 수원시 팔달구 매산로130번길 15, 102호 (매교동, 건영캐스빌상가)",201304.932,418821.265
경기도 수원시 팔달구 남창동 110번지,"경기도 수원시 팔달구 행궁로 41, 1층 (남창동)",201293.1536,419653.0907
경기도 수원시 영통구 영통2동 970번지 5호 벽적골주공9단지상가 101호,"경기도 수원시 영통구 봉영로1517번길 23, 101호 (영통동, 벽적골주공9단지상가)",205837.9851,416298.9864
경기도 수원시 영통구 신동 384번지 33호 1층,"경기도 수원시 영통구 신원로 173-1 (신동,1층)",205145.7314,416645.6894
경기도 수원시 권선구 오목천동 318번지 8호 1층,,196811.5029,416072.2671
경기도 수원시 장안구 연무동 218-42,"경기도 수원시 장안구 창훈로29번길 58, 1층 (연무동)",202387.4818,421565.8802
경기도 수원시 장안구 정자동 464-1,"경기도 수원시 장안구 대평로162번길 33, 1층 (정자동)",199137.7121,422287.5287
경기도 수원시 장안구 정자1동 462번지 3호,경기도 수원시 장안구 대평로162번길 47 (정자동),199200.0242,422317.0168
경기도 수원시 팔달구 인계동 999번지 15호,경기도 수원시 팔달구 효원로193번길 35 (인계동),202019.4476,418176.2536
경기도 수원시장안구 송죽동 479-3호,경기도 수원시 장안구 파장천로44번길 95 (송죽동),199997.5265,422814.3599
경기도 수원시 팔달구 우만동 228 수원월드컵경기장,"경기도 수원시 팔달구 월드컵로 310, 수원월드컵경기장 1층 (우만동)",203263.6108,420600.5447
경기도 수원시팔달구 구천동 10번지 44  호,경기도 수원시 팔달구 중부대로 16 (구천동),201557.9831,419213.9058
경기도 수원시 권선구 고색동 385-3,"경기도 수원시 권선구 매송고색로691번길 6, 1층 (고색동)",198165.2042,416566.186
경기도 수원시권선구 세류동 1075번지 26호,경기도 수원시 권선구 세지로56번길 3 (세류동),201438.5272,417239.0554
경기도 수원시권선구 권선동 965번지 9   호,경기도 수원시 권선구 권선로 638 (권선동),201788.5168,417616.8076
경기도 수원시권선구 구운동 217번지 11  호,경기도 수원시 권선구 서부로 1963 (구운동),197173.4883,420205.2356
경기도 수원시 권선구 구운동 890번지 LD코오롱아파트 상가동 101호,"경기도 수원시 권선구 일월천로16번길 39, 상가동 101호 (구운동,LD코오롱아파트)",197720.7995,420309.2699
경기도 수원시 권선구 서둔동 361번지 제상가1동 제2층 201호,"경기도 수원시 권선구 여기산로 54 (서둔동,제상가1동 제2층 201호)",198124.9924,420069.5271
경기도 수원시 권선구 권선동 1013-1 세종그랑시아 101-1,,,
경기도 수원시 권선구 당수동 218-1 삼정아파트,"경기도 수원시 권선구 당진로14번길 37, 상가동 117호 (당수동, 삼정아파트)",194855.5885,420951.6615
경기도 수원시권선구 곡반정동 511-1,,,
"경기도 수원시영통구 매탄동 810번지 2호 105,106,109,110,111","경기도 수원시 영통구 동수원로 432 (매탄동,105,106,109,110,111)",203742.4957,418331.2606
경기도 수원시 권선구 당수동 287번지 인정프린스아파트,"경기도 수원시 권선구 당진로15번길 53, 상가동 101,102호 (당수동, 인정프린스아파트)",194430.2906,421099.3196
경기도 수원시 권선구 곡반정동 577-1,"경기도 수원시 권선구 곡선로50번길 45-4, 101호, 102호 (곡반정동)",202485.5826,414974.8895
경기도 수원시 권선구 탑동 884-4 태영아이원아파트,"경기도 수원시 권선구 서둔로199번길 37, 101호 (탑동, 태영아이원아파트)",197943.2,418524.6434
경기도 수원시 팔달구 우만1동 493번지 10호,경기도 수원시 팔달구 세지로 415-1 (우만동),202610.3149,420473.298
경기도 수원시 장안구 영화동 311번지 12호 생맥주타운,경기도 수원시 장안구 정조로 927-1 (영화동),201066.1382,420924.2924
경기도 수원시 장안구 송죽동 130번지,"경기도 수원시 장안구 만석로 246, 1층 (송죽동)",200246.2993,422856.1514
경기도 수원시 영통구 이의동 1338번지 광교센트럴푸르지오시티,"경기도 수원시 영통구 도청로 10, 광교센트럴푸르지오시티 1층 판매시설호 (이의동)",204888.8556,420476.3916
경기도 수원시 영통구 원천동 469번지 밀코오토월드,"경기도 수원시 영통구 중부대로448번길 89, 1층 (원천동)",205250.5863,418309.5606
경기도 수원시 영통구 매탄동 1267번지 2호 매탄프라자,"경기도 수원시 영통구 효원로 383, 매탄프라자 1층 109호 (매탄동)",203798.5517,417482.8217
경기도 수원시 영통구 이의동 1351-3 스페이스 광교,"경기도 수원시 영통구 광교로 120, 스페이스 광교 104,105호 (이의동)",204050.6246,421022.0295
경기도 수원시 장안구 파장동 266번지 8호,경기도 수원시 장안구 경수대로 1082 (파장동),199434.9998,423064.7347
경기도 수원시 팔달구 인계동 965번지 18호,경기도 수원시 팔달구 경수대로495번길 19 (인계동),202291.7053,418717.6958
경기도 수원시 장안구 율전동 276번지 4호 1층 3-6호,"경기도 수원시 장안구 화산로203번길 34 (율전동,1층 3-6호)",197591.8995,421790.1904
경기도 수원시 장안구 송죽동 504번지 2호 1층,"경기도 수원시 장안구 송원로 49-1 (송죽동,1층)",200597.8694,421988.4702
경기도 수원시 권선구 곡반정동 564번지 8호   102호,"경기도 수원시 권선구 곡선로 48, 102호 (곡반정동)",202554.7441,415196.0223
경기도 수원시 권선구 탑동 835번지 1호,경기도 수원시 권선구 하탑로 21 (탑동),197624.9085,418544.3448
경기도 수원시 팔달구 우만동 68번지 7호,경기도 수원시 팔달구 중부대로239번길 35 (우만동),203673.8245,419455.7822
경기도 수원시 팔달구 인계동 1046번지 13호 에스팝타워 117호,"경기도 수원시 팔달구 효원로 269, 117호 (인계동, 에스팝타워)",202697.652,417813.8141
경기도 수원시권선구 고색동 81번지 16호,경기도 수원시 권선구 고색로66번길 28-1 (고색동),198548.8532,416381.0834
경기도 수원시권선구 권선동 1000호,경기도 수원시 권선구 세지로 64 (권선동),201471.6073,417308.2486
경기도 수원시권선구 세류동 1018번지 60호,경기도 수원시 권선구 덕영대로1105번길 46 (세류동),201156.8545,417026.7816
경기도 수원시 팔달구 팔달로3가 102번지 4호,경기도 수원시 팔달구 행궁로 57 (팔달로3가),201318.8635,419487.9452
경기도 수원시장안구 율전동 495호 성대역(맞이방),"경기도 수원시 장안구 서부로 2149 (율전동,성대역(맞이방))",197111.8142,422071.1915
"경기도 수원시 권선구 권선동 1263번지 신우아파트 상가동 105,106호","경기도 수원시 권선구 권중로 82, 상가동 105,106호 (권선동,신우아파트)",202459.2972,416597.0202
경기도 수원시 권선구 금곡동 1076번지 가온마을3단지,"경기도 수원시 권선구 서수원로577번길 263, 단지상가동 105호 (금곡동, 가온마을3단지)",194850.8151,419288.1315
경기도 수원시 팔달구 화서동 220-3 영광아파트,"경기도 수원시 팔달구 덕영대로757번길 23, 영광아파트 상가동 101~3호 (화서동)",199402.1529,419806.8658
경기도 수원시 팔달구 인계동 1027-9,"경기도 수원시 팔달구 경수대로428번길 15, 1층 102호 (인계동)",202305.3663,418036.2108
경기도 수원시 팔달구 매산로1가 16-12,"경기도 수원시 팔달구 향교로1번길 8, 111, 112-2호 (매산로1가)",200043.2944,418455.1808
경기도 수원시 팔달구 인계동 946번지 2호,"경기도 수원시 팔달구 경수대로526번길 12-26, 102호 (인계동)",202528.5311,418861.591
경기도 수원시 팔달구 인계동 1008번지,"경기도 수원시 팔달구 세지로 150, 1층 (인계동)",201797.2243,418099.2428
경기도 수원시 팔달구 매산로1가 11번지 9호 세진브론즈빌,"경기도 수원시 팔달구 덕영대로 899, 세진브론즈빌 105호 (매산로1가)",199957.8828,418466.6404
경기도 수원시 팔달구 북수동 363번지 1호,"경기도 수원시 팔달구 정조로 834, 1층 (북수동)",201410.386,420054.5478
경기도 수원시 권선구 세류동 1149번지 6호,"경기도 수원시 권선구 경수대로225번길 16, 1층 (세류동)",201396.4641,416168.3327
경기도 수원시 권선구 권선동 1011번지 9호,"경기도 수원시 권선구 효원로220번길 17, 1층 104호 (권선동)",202218.2959,417806.0628
경기도 수원시 권선구 세류동 546번지 11호,"경기도 수원시 권선구 덕영대로1070번길 36, 1층 (세류동)",200745.7602,416817.9936
경기도 수원시 권선구 오목천동 381번지 청구2차아파트,"경기도 수원시 권선구 매송고색로506번길 17, 상가동 108,109호 (오목천동, 청구2차아파트)",196527.5591,415742.7124
경기도 수원시 권선구 구운동 935번지 27호,"경기도 수원시 권선구 구운로63번길 34, 1층 101호 (구운동)",197351.4214,419732.7495
경기도 수원시 권선구 고색동 432번지 1호,"경기도 수원시 권선구 오목천로 161, 1층 (고색동)",197962.3832,415954.6206
경기도 수원시 권선구 탑동 615번지 1호,"경기도 수원시 권선구 호매실로 46-95, 1층 (탑동)",197283.3266,417488.6453
경기도 수원시 권선구 권선동 1305번지 권선대우아파트,"경기도 수원시 권선구 동탄원천로813번길 16, 상가동 103호,104호 (권선동, 권선대우아파트)",203363.1387,416345.4165
경기도 수원시 권선구 고색동 1191번지,"경기도 수원시 권선구 권선로 308-5, 도이치오토월드 내 지하1층 B1093, B1094호 (고색동)",198848.998,417348.8186
경기도 수원시 권선구 금곡동 1118번지 e-SPACE CITY-1,"경기도 수원시 권선구 금곡로 202, 상가동 1층 125호 (금곡동)",195731.1792,419060.6746
경기도 수원시 권선구 구운동 921번지 11호,"경기도 수원시 권선구 구운로85번길 12, 102, 103호 (구운동)",197489.4946,419955.2153
경기도 수원시팔달구 팔달로3가 25번지 6   호,경기도 수원시 팔달구 정조로770번길 7 (팔달로3가),201466.4818,419450.625
경기도 수원시팔달구 매산로1가 18호,,199920.1947,418246.9271
경기도 수원시 권선구 구운동 963번지 1호,경기도 수원시 권선구 구운로47번길 19 (구운동),197461.7267,419527.2014
경기도 수원시 권선구 오목천동 1180번지 수원권선 꿈에그린 아파트,"경기도 수원시 권선구 서수원로 99, 309동 105,106호 (오목천동, 수원권선 꿈에그린 아파트)",197737.5645,414767.0121
경기도 수원시 권선구 세류동 460번지 7호,"경기도 수원시 권선구 정조로 533, 101호 (세류동)",200914.95,417210.5498
경기도 수원시 권선구 권선동 1042번지 15호,"경기도 수원시 권선구 권광로 91, 1층 일부 (권선동)",202535.8972,417122.9755
경기도 수원시 권선구 금곡동 1141,"경기도 수원시 권선구 금호로 83-8, 111, 112호 (금곡동)",196311.7012,418900.6711
경기도 수원시 권선구 호매실동 1402번지 센타프라자,"경기도 수원시 권선구 호매실로104번길 24-44, 센타프라자 1층 110호 (호매실동)",196652.8435,417356.9857
경기도 수원시팔달구 매산로2가 39번지 7   호,경기도 수원시 팔달구 갓매산로 43 (매산로2가),200370.0745,418483.5501
경기도 수원시팔달구 우만동 438번지 21  호,,,
경기도 수원시 영통구 망포동 5번지 15호 태방전자,"경기도 수원시 영통구 덕영대로1499번길 55, 2층 (망포동)",204764.407,416166.0706
경기도 수원시팔달구 매산로2가 27번지 75  호,경기도 수원시 팔달구 갓매산로 53 (매산로2가),200324.5328,418586.3196
경기도 수원시 영통구 영통동 1013번지 16호 해광빌딩,"경기도 수원시 영통구 청명로21번길 15, 해광빌딩 1층 (영통동)",206946.5538,416442.2843
경기도 수원시 영통구 원천동 556번지,"경기도 수원시 영통구 광교중앙로 55, 상가동 105호 (원천동)",204438.7912,419877.1549
경기도 수원시 영통구 매탄동 102번지 세림빌딩,"경기도 수원시 영통구 동수원로 514, 세림빌딩 1층 (매탄동)",204095.3933,418981.0904
경기도 수원시 영통구 매탄동 153번지 174호,경기도 수원시 영통구 중부대로256번길 38-20 (매탄동),203668.4199,419049.1607
경기도 수원시 영통구 원천동 35번지 2호 주공아파트,"경기도 수원시 영통구 월드컵로179번길 19, 주공아파트 상가동 1층 1호 (원천동)",203972.6875,419543.02
경기도 수원시 영통구 매탄동 548번지,경기도 수원시 영통구 영통로 301 (매탄동),205350.0579,416808.4225
경기도 수원시 권선구 권선동 1185번지 1호 삼성아파트 제상가동 101호,"경기도 수원시 권선구 경수대로302번길 29, 101호 (권선동, 삼성아파트상가)",201979.6092,416852.0639
"경기도 수원시권선구 평동 25번지 1   호 수원공구유통타운 A 129,130","경기도 수원시 권선구 매송고색로 875-1, A동 129,130호 (평동,수원공구유통타운)",199573.8421,417438.8418
경기도 수원시 권선구 곡반정동,경기도 수원시 권선구 동수원로146번길 144-12 (곡반정동),202902.7235,415866.622
경기도 수원시 권선구 오목천동 545번지 4호,"경기도 수원시 권선구 오목천로57번길 33, 1층 (오목천동)",197097.1662,415508.1542
경기도 수원시권선구 곡반정동 506-1 101호,"경기도 수원시 권선구 동수원로146번길 101, 101호 (곡반정동)",202953.3377,415986.3163
경기도 수원시영통구 매탄동 208번지 73호 1층,"경기도 수원시 영통구 매탄로 170 (매탄동,1층)",203985.725,418175.245
경기도 수원시 장안구 정자동 534번지 4호,"경기도 수원시 장안구 장안로 288, 1층 (정자동)",199072.6472,422821.1471
경기도 수원시 장안구 이목동 563번지,경기도 수원시 장안구 경수대로 1283 (이목동),198687.9648,424791.59
경기도 수원시 장안구 율전동 163번지 11호,"경기도 수원시 장안구 덕영대로407번길 34-9, 1층 (율전동)",197132.212,422346.6196
경기도 수원시 장안구 연무동 9번지 14호,"경기도 수원시 장안구 창훈로60번길 53, 1층 (연무동)",202551.2769,421957.7839
경기도 수원시 장안구 천천동 385번지 37호,"경기도 수원시 장안구 일월로76번길 19-5, 1층 (천천동)",197940.0919,420911.0137
경기도 수원시 영통구 영통동 1106 현대프라자,"경기도 수원시 영통구 영통로200번길 21, 현대프라자 102호 (영통동)",205071.1185,415862.7636
경기도 수원시 권선구 서둔동,"경기도 수원시 권선구 상탑로 98, 107동 101호 (서둔동, 부성리치빌)",198306.6864,418776.7574
경기도 수원시 권선구 서둔동 374번지 희성연인아파트 상가동 101호,"경기도 수원시 권선구 상탑로 121 (서둔동, 상가 101호(희성연인아파트))",198530.7439,418834.9269
경기도 수원시영통구 원천동 337번지 14호,경기도 수원시 영통구 매영로199번길 35 (원천동),205656.0147,418047.7317
경기도 수원시 영통구 영통동 958번지 1호 드림피아빌딩,"경기도 수원시 영통구 봉영로 1623, 드림피아 113호 (영통동)",206556.3518,417113.7666
경기도 수원시 권선구 권선동 1013번지 21호 선일빌딩,"경기도 수원시 권선구 효원로266번길 14, 선일빌딩 101호 (권선동)",202612.2074,417694.3056
경기도 수원시 권선구 권선동 956번지 17호 기경빌,"경기도 수원시 권선구 세지로126번길 44, 기경빌 102호 (권선동)",201905.1237,417796.3691
경기도 수원시 권선구 오목천동 1182-1 그린메디프라자,"경기도 수원시 권선구 서수원로47번길 11, 그린메디프라자 1층 102,103,104호 (오목천동)",197964.896,414637.547
"경기도 수원시 권선구 호매실동 1361번지 한양수자인파크원 105,6호","경기도 수원시 권선구 칠보로 102, 단지내1상가동 105,106호 (호매실동, 한양수자인파크원)",195600.4252,418073.3107
경기도 수원시 영통구 매탄동 176번지 현대힐스테이트아파트,"경기도 수원시 영통구 권광로260번길 36, 제상가 3동 105, 106호 (매탄동, 현대힐스테이트아파트)",203453.5729,418803.6508
경기도 수원시 팔달구 인계동 375번지 11호 1층,"경기도 수원시 팔달구 권광로276번길 31 (인계동,1층)",203261.6473,418902.2749
경기도 수원시 영통구 매탄1동 164번지 10호 101호 102호,"경기도 수원시 영통구 권광로290번길 34-18 (매탄동,101호 102호)",203305.3266,419033.0127
경기도 수원시 영통구 매탄동 1352번지 매탄위브 하늘채 302상가A동 102~ 109호,"경기도 수원시 영통구 효원로 363, 109호 (매탄동,매탄위브 하늘채 302상가A동 102~)",203603.1612,417765.0059
경기도 수원시 영통구 영통동 963-2 신성.신안.쌍용.진흥아파트,"경기도 수원시 영통구 매영로310번길 36, 신성.신안.쌍용.진흥아파트 상가동 111호 (영통동)",205743.1429,416941.4858
경기도 수원시장안구 율전동 168번지 37  호,경기도 수원시 장안구 덕영대로381번길 75 (율전동),197069.5221,422274.1878
경기도 수원시 팔달구 매산로1가 57-3 역전시장,"경기도 수원시 팔달구 매산로 2-10, 역전시장 B동 1호 (매산로1가)",200143.532,418243.8507
경기도 수원시 팔달구 매산로3가 112번지 9호,경기도 수원시 팔달구 세류로 63 (매산로3가),200641.0228,418110.9259
경기도 수원시권선구 고색동 886번지 83  호 태산@상가 102호,"경기도 수원시 권선구 매송고색로673번길 11 (고색동,태산@상가 102호)",197892.2243,416551.7472
경기도 수원시 권선구 세류동 565번지 6호,경기도 수원시 권선구 정조로495번길 15 (세류동),200841.4536,416817.6241
경기도 수원시영통구 원천동 산5호,,,
경기도 수원시팔달구 지동 232번지 42  호,경기도 수원시 팔달구 창룡문로 98 (지동),202187.3831,420370.1778
경기도 수원시팔달구 인계동 1040번지 10  호,경기도 수원시 팔달구 인계로124번길 41-3 (인계동),202645.2783,418191.3384
경기도 수원시팔달구 우만동 32번지 1   호 주공(아)상가  2,"경기도 수원시 팔달구 중부대로223번길 54-13, 2호 (우만동,주공(아)상가)",203594.0184,419583.274
경기도 수원시팔달구 화서동 97번지 2   호 화서상가1층,"경기도 수원시 팔달구 동말로68번길 15 (화서동,화서상가1층)",200114.4361,419572.3442
경기도 수원시팔달구 매산로1가 57번지 59  호,경기도 수원시 팔달구 덕영대로943번길 9 (매산로1가),200126.7017,418108.1233
경기도 수원시권선구 곡반정동 578호 곡반정현대아이파크상가동  102,,202398.4227,415012.5527
경기도 수원시권선구 고색동 365번지 6   호,경기도 수원시 권선구 서부로1538번길 3 (고색동),198003.0784,416099.5001
경기도 수원시권선구 권선동 1155번지 4   호,경기도 수원시 권선구 권선로734번길 17 (권선동),202732.0219,417236.4179
경기도 수원시 팔달구 화서동 212번지 1층,"경기도 수원시 팔달구 화양로35번길 6 (화서동,1층)",199618.3434,419934.3605
경기도 수원시팔달구 인계동 1113번지 11호 씨네파크 113호,"경기도 수원시 팔달구 권광로 181, 113호 (인계동,씨네파크)",202791.4479,418001.5002
경기도 수원시 권선구 오목천동 946번지 상송마을주공아파트상가 101호,"경기도 수원시 권선구 오목천로 15 (오목천동,상송마을주공아파트상가 101호)",196720.2088,415457.0188
경기도 수원시 권선구 곡반정동 574번지 1호   101호,"경기도 수원시 권선구 곡반정로 95-1, 101호 (곡반정동)",202606.3046,415004.2608
"경기도 수원시권선구 탑동 865-3 부림빌라 101,102호",,,
경기도 수원시팔달구 매교동 46번지 1호,경기도 수원시 팔달구 정조로709번길 3 (매교동),201445.6258,418813.922
경기도 수원시 팔달구 매산로2가 65번지 19호,경기도 수원시 팔달구 매산로 26 (매산로2가),200318.5401,418405.5321
경기도 수원시 팔달구 인계동 1115번지 19호,"경기도 수원시 팔달구 권광로196번길 21, 1동 (인계동)",202993.2302,418099.1703
경기도 수원시 팔달구 우만동 573번지 9호,"경기도 수원시 팔달구 아주로 41, 1층 (우만동)",203787.7381,419617.551
경기도 수원시 팔달구 우만동 510번지,"경기도 수원시 팔달구 경수대로642번길 41-21, 1층 (우만동)",202625.6546,420301.8956
경기도 수원시 권선구 세류동 1280번지 LH수원센트럴타운3단지,"경기도 수원시 권선구 세권로 1, 상가동 101호 (세류동, LH수원센트럴타운3단지)",200518.9322,417651.9887
경기도 수원시 권선구 금곡동 246번지 2호,경기도 수원시 권선구 매곡로 94-4 (금곡동),196007.4992,418823.6041
경기도 수원시 권선구 세류동 1277번지,"경기도 수원시 권선구 세류로 28, 센트럴타운프라자 A동 101,102호 (세류동)",200533.3135,417768.5152
경기도 수원시 권선구 호매실동 1388번지 수원호매실휴먼시아15단지아파트,"경기도 수원시 권선구 호매실로165번길 70, 가상가동 106호 (호매실동, 수원호매실휴먼시아15단지아파트)",195708.699,417601.4504
경기도 수원시 영통구 망포동 690 동수원 자이2차 아파트,"경기도 수원시 영통구 태장로71번길 15, 동수원 자이2차 아파트 (망포동)",204596.06,415409.1188
경기도 수원시 팔달구 매산로1가 102번지 애경백화점앞 오산방향,,200043.4886,418173.0277
경기도 수원시 팔달구 우만동 469번지 17호,"경기도 수원시 팔달구 월드컵로369번길 30, 1층 (우만동)",202504.9798,420848.9536
경기도 수원시 팔달구 인계동 1132번지 다우프리존 103호,"경기도 수원시 팔달구 권선로741번길 27, 103호 (인계동, 다우프리존)",202815.1668,417462.2163
경기도 수원시 팔달구 고등동 67번지 14호,경기도 수원시 팔달구 고매로 34-1 (고등동),,
경기도 수원시 팔달구 화서동 184번지 62호,"경기도 수원시 팔달구 동말로 14, 1층 (화서동)",199556.9324,419479.5614
경기도 수원시 팔달구 화서동 20번지 2호,경기도 수원시 팔달구 장안로5번길 3 (화서동),200543.0652,420384.5476
경기도 수원시 권선구 권선동 966번지 2호,경기도 수원시 권선구 권선로 646 (권선동),201874.1,417587.9474
경기도 수원시장안구 송죽동 64호 부강주택 A동 1층 101호,"경기도 수일로123번길 1, 에이동 1층 101호 (부강주택)",200281.6686,422979.0369
경기도 수원시 영통구 영통2동 974번지 1호 토야프라자 103호,"경기도 수원시 영통구 영통로214번길 41, 103호 (영통동,토야프라자)",205205.8686,416091.2059
경기도 수원시장안구 조원동 524번지 4   호,경기도 수원시 장안구 금당로90번길 31 (조원동),201748.6125,421980.6598
경기도 수원시 팔달구 매산로1가 57-3 역전시장,"경기도 수원시 팔달구 매산로 2-10, 역전시장 24호 (매산로1가)",200143.532,418243.8507
경기도 수원시 장안구 정자동 633,경기도 수원시 장안구 장안로309번길 84 (정자동),198683.4506,422394.5541
"경기도 수원시 권선구 금곡동 79번지 삼익아파트 314동 204,205호","경기도 수원시 권선구 서수원로 589 (금곡동,삼익아파트 314동 204,205호)",195874.134,419474.4055
경기도 수원시장안구 영화동 396번지 5   호,경기도 수원시 장안구 수성로262번길 25-5 (영화동),200134.8654,420805.3228
경기도 수원시 권선구 고색동 7-92,"경기도 수원시 권선구 서둔로 10, 1층 (고색동)",198530.5386,416763.058
경기도 수원시 권선구 권선동 1361번지,"경기도 수원시 권선구 동수원로145번길 24, 상가2동동 116호 (권선동, 수원아이파크시티2단지)",202538.5528,415910.9945
경기도 수원시 권선구 권선동 1315번지,"경기도 수원시 권선구 덕영대로1323번길 25-33, 상가동 101호 (권선동, 우남아파트)",202913.5641,416156.9339
경기도 수원시팔달구 인계동 1120번지 9   호,경기도 수원시 팔달구 권광로180번길 19 (인계동),202934.1922,417956.8943
경기도 수원시팔달구 인계동 1044번지 2   호,경기도 수원시 팔달구 권광로175번길 31-12 (인계동),202608.6547,417931.0699
경기도 수원시 영통구 매탄동 153-23,"경기도 수원시 영통구 중부대로 254, 1층 (매탄동)",203791.8649,419173.9514
경기도 수원시 장안구 파장동 583-12,"경기도 수원시 장안구 파장천로25번길 1, 1층 (파장동)",199463.4884,422869.8101
경기도 수원시장안구 율전동 161번지 22 호,경기도 수원시 장안구 덕영대로417번길 33-1 (율전동),197171.1062,422267.6647
경기도 수원시 팔달구 인계동 1114번지 10호 인송빌딩,"경기도 수원시 팔달구 권광로 208, 인송빌딩 109호 (인계동)",202938.7168,418217.1107
경기도 수원시 팔달구 화서동 646번지 화서3단지주공아파트,"경기도 수원시 팔달구 덕영대로697번길 47, 101호 (화서동, 화서3단지주공아파트)",199238.5922,420438.8785
경기도 수원시 팔달구 인계동 319번지 6호 신반포아파트,"경기도 수원시 팔달구 장다리로306번길 13 (인계동, 신반포아파트)",202775.7882,419175.2131
경기도 수원시 팔달구 우만동 134번지 12호 E.L.타워,"경기도 수원시 팔달구 권광로 358, E.L.타워 (우만동)",203295.1796,419669.5255
경기도 수원시 팔달구 우만동 471번지 2호,경기도 수원시 팔달구 창룡대로150번길 46 (우만동),202392.0972,420828.6436
경기도 수원시 팔달구 인계동 1043번지 14호,경기도 수원시 팔달구 효원로249번길 46-8 (인계동),202619.3894,418028.9322
경기도 수원시 팔달구 우만동 522번지 26호,경기도 수원시 팔달구 월드컵로297번길 42 (우만동),202894.0086,420238.3443
경기도 수원시 팔달구 고등동 55번지 24호,"경기도 수원시 팔달구 고등로71번길 1, 1층 (고등동)",200352.9071,419063.0931
경기도 수원시 팔달구 남창동 79번지,경기도 수원시 팔달구 정조로801번길 23 (남창동),201279.3144,419768.0772
경기도 수원시 팔달구 우만동 92번지 1호 블루하우스,"경기도 수원시 팔달구 중부대로223번길 4, 블루하우스 (우만동)",203569.3141,419342.523
경기도 수원시 팔달구 구천동 32번지 5호,경기도 수원시 팔달구 정조로742번길 17 (구천동),201490.8724,419148.2047
경기도 수원시 팔달구 인계동 1019번지 6호,"경기도 수원시 팔달구 경수대로466번길 33, 105호 (인계동)",202507.6692,418381.5135
경기도 수원시 팔달구 남수동 100번지 4호,"경기도 수원시 팔달구 수원천로 288-4, 1층 5호 (남수동)",201623.6789,419663.0282
경기도 수원시 권선구 권선동 1330번지,"경기도 수원시 권선구 권광로 55, 상가동 117호 (권선동, 권선자이 이편한세상)",202272.3145,416779.0376
경기도 수원시 권선구 세류동 841번지 3호,경기도 수원시 권선구 세지로 103 (세류동),201577.8533,417683.4877
경기도 수원시 권선구 곡반정동 536번지 16호,경기도 수원시 권선구 동수원로146번길 218-22 (곡반정동),202725.3581,415536.5572
경기도 수원시 영통구 매탄동 1260번지 주공그린빌,"경기도 수원시 영통구 매탄로126번길 66, 상가동 104호 (매탄동, 주공그린빌)",204109.8489,417618.9047
경기도 수원시 영통구 영통동 959-1 모던타운,"경기도 수원시 영통구 봉영로 1605, 모던타운 218호 (영통동)",206445.9018,416957.5366
경기도 수원시 영통구 이의동 1286 에이스 광교타워3,"경기도 수원시 영통구 창룡대로256번길 77, 에이스 광교타워3 지1층 B124호 (이의동)",203568.3888,421569.5615
경기도 수원시 팔달구 팔달로3가 31-1,경기도 수원시 팔달구 중부대로7번길 5(팔달로3가),201482.9697,419297.5845
경기도 수원시 팔달구 지동 115번지 8호,경기도 수원시 팔달구 중부대로87번길 15 (지동),202224.2756,419474.7826
경기도 수원시 팔달구 우만동 47번지 4호,경기도 수원시 팔달구 중부대로223번길 71-7 (우만동),203549.0582,419706.3314
경기도 수원시 팔달구 화서동 184번지 223호,"경기도 수원시 팔달구 동말로 27, 1층 (화서동)",199678.893,419571.3378
경기도 수원시 장안구 이목동 916 수원장안힐스테이트,"경기도 수원시 장안구 장안로359번길 20, 근린생활시설동 지하1층 102호 (이목동, 수원장안힐스테이트)",198539.3156,423384.2898
경기도 수원시 권선구 권선동,"경기도 수원시 권선구 권중로76번길 28, 1층 (권선동)",202501.1412,416756.4626
경기도 수원시장안구 영화동 282번지 3   호,경기도 수원시 장안구 팔달로 271 (영화동),201205.1262,420843.0241
경기도 수원시 영통구 이의동 1336 힐스테이트광교중앙역,"경기도 수원시 영통구 도청로18번길 26, 힐스테이트광교중앙역 1층 173호 (이의동)",204977.1753,420627.2342
경기도 수원시 영통구 망포동 512,경기도 수원시 영통구 영통로154번길 106 (망포동),205384.8871,415481.8301
경기도 수원시 팔달구 고등동 138번지 4호 해가든다원,"경기도 수원시 팔달구 팔달로52번길 42 (고등동, 해가든다원)",200221.3623,419218.1942
경기도 수원시 팔달구 우만동 478번지 7호,경기도 수원시 팔달구 월드컵로369번길 23-24 (우만동),202584.1199,420759.2341
경기도 수원시 팔달구 고등동 70번지 15호,"경기도 수원시 팔달구 고화로 42, 1층 (고등동)",200504.7765,419018.8707
경기도 수원시 팔달구 우만동 529번지 9호,경기도 수원시 팔달구 팔달문로 141 (우만동),202716.0902,420084.2516
경기도 수원시 팔달구 지동 148번지 9호,경기도 수원시 팔달구 세지로 354 (지동),202224.5495,420019.7888
경기도 수원시 팔달구 화서동 134-1,"경기도 수원시 팔달구 화양로 10, 1층 (화서동)",199814.5614,419740.2698
경기도 수원시장안구 영화동 339번지 1   호 동양연립 가 101,"경기도 수원시 장안구 팔달로247번길 42, 가동 101호 (영화동,동양연립)",200938.0758,420899.2324
경기도 수원시 영통구 이의동 1336번지 1호 광교엘포트아이파크,"경기도 수원시 영통구 광교중앙로 145, 광교엘포트아이파크 1층 3, 4호 (이의동)",205049.9751,420565.6868
경기도 수원시 영통구 원천동 253번지 5호,"경기도 수원시 영통구 삼성로267번길 28, 1층 (원천동)",205466.5465,418315.5936
경기도 수원시 영통구 하동 1001번지 광교마을40단지,"경기도 수원시 영통구 광교마을로 156, 상가동 101호 (하동, 광교마을40단지)",207354.3327,421493.9044
경기도 수원시 영통구 원천동 259번지 4호,"경기도 수원시 영통구 삼성로277번길 22, 1층 101호 (원천동)",205580.2897,418349.2711
경기도 수원시 팔달구 매산로1가 57번지 3호 역전시장,"경기도 수원시 팔달구 매산로 2-10, 역전시장 237호 (매산로1가)",200143.532,418243.8507
경기도 수원시 팔달구 인계동 1118번지 8호,"경기도 수원시 팔달구 권광로188번길 51, 103호 (인계동)",203112.1816,417986.2329
경기도 수원시 영통구 영통동 1048-5 청명마을주공아파트,"경기도 수원시 영통구 청명북로 83, 청명마을주공아파트 (영통동)",207027.1398,417410.7266
경기도 수원시 영통구 매탄동 413번지 5호,"경기도 수원시 영통구 삼성로168번길 38, 1층 (매탄동)",205131.6453,417412.1302
경기도 수원시 영통구 영통동 991번지 12호,"경기도 수원시 영통구 영일로 3, 1층 (영통동)",206624.928,416242.2822
경기도 수원시 팔달구 화서동 58-3 동원블루밍,"경기도 수원시 팔달구 고화로 129-1, 101동 201호 (화서동, 동원블루밍)",200496.4621,419892.2327
경기도 수원시 팔달구 고등동 29번지 3호,"경기도 수원시 팔달구 고화로72번길 2, 1층 (고등동)",200504.3483,419298.5937
경기도 수원시 장안구 율전동 151-3,경기도 수원시 장안구 덕영대로425번길 60 (율전동),197271.6758,422421.5861
경기도 수원시 권선구 세류동 477번지 5호,경기도 수원시 권선구 정조로 571 (세류동),201048.2718,417574.6118
경기도 수원시 권선구 탑동 821번지 1호,경기도 수원시 권선구 탑동로11번길 58-16 (탑동),197431.7019,418690.7384
경기도 수원시 팔달구 인계동 1111번지 수원시청 별관,"경기도 수원시 팔달구 효원로 241, 7층 (인계동, 수원시청 별관)",202470.5704,417945.409
경기도 수원시 팔달구 화서동 684번지 2호 꽃뫼버들마을신동아아파트 상가 101호,"경기도 수원시 팔달구 화산로 24, 101호 (화서동, 꽃뫼버들마을신동아아파트 상가)",198743.9576,420546.6017
경기도 수원시장안구 율전동 288번지 40 호 태화빌딩 1층,"경기도 수원시 장안구 화산로213번길 15 (율전동,태화빌딩 1층)",197513.3048,421878.5495
경기도 수원시 장안구 정자동 871번지 4호 백설주공아파트상가 103호,"경기도 수원시 장안구 대평로89번길 32, 상가동 103호 (정자동)",199095.8584,421574.0932
경기도 수원시 장안구 정자동 874번지 2호,경기도 수원시 장안구 정자천로 187 (정자동),199524.9635,421620.6279
경기도 수원시 팔달구 화서동 93번지 1호,경기도 수원시 팔달구 팔달로 105 (화서동),200192.4983,419576.5974
경기도 수원시 권선구 곡반정동 545번지 6호,"경기도 수원시 권선구 동수원로146번길 261, 1층 (곡반정동)",202654.9358,415445.7973
경기도 수원시 권선구 세류동 849번지 2호,"경기도 수원시 권선구 권선로596번길 33, 1층 (세류동)",201351.2684,417611.0819
경기도 수원시 팔달구 화서동 11번지 41호 벽산아파트,"경기도 수원시 팔달구 팔달로165번길 39, 상가동 지하층 B01호 (화서동, 벽산아파트)",200239.5897,420192.6615
경기도 수원시 팔달구 매산로2가 28번지 9호,경기도 수원시 팔달구 갓매산로55번길 28 (매산로2가),200222.9797,418507.4662
경기도 수원시 팔달구 인계동 1170번지,"경기도 수원시 팔달구 중부대로 80, 상가3동 1층 43호 (인계동)",202186.2619,419332.9661
경기도 수원시 팔달구 인계동 961번지 1호,경기도 수원시 팔달구 경수대로507번길 12-17 (인계동),202377.415,418918.9657
경기도 수원시 영통구 매탄동 209번지,"경기도 수원시 영통구 매원로 12, 1층 (매탄동)",204135.5242,418282.2559
경기도 수원시 팔달구 인계동 1016번지 2호 현대하이엘,"경기도 수원시 팔달구 경수대로 438, 현대하이엘 102호 (인계동)",202276.3402,418141.8924
경기도 수원시 팔달구 매산로1가 22번지 5호,"경기도 수원시 팔달구 향교로3번길 23-4, 1층 (매산로1가)",200055.5108,418539.1773
경기도 수원시 팔달구 인계동 1134번지 4호 트윈파크에이동,"경기도 수원시 팔달구 효원로308번길 58-9, 트윈파크에이동 1층 104호 (인계동)",202931.2482,417337.2029
경기도 수원시 영통구 영통동 955번지 1호 황골마을주공1단지아파트,"경기도 수원시 영통구 영통로 498, 가상가동 103호 (영통동, 황골마을주공1단지아파트)",206992.9771,417888.2585
경기도 수원시 팔달구 인계동 1119번지 인계샤르망오피스텔,"경기도 수원시 팔달구 인계로166번길 48-21, 인계샤르망오피스텔 106호 (인계동)",202894.1385,418072.8512
경기도 수원시 팔달구 지동 174번지 5호,경기도 수원시 팔달구 팔달문로104번길 20-20 (지동),202282.3456,419803.12
경기도 수원시 팔달구 매산로2가 65번지 3호,"경기도 수원시 팔달구 매산로 24, 101-1호 (매산로2가)",200305.9709,418395.0945
경기도 수원시 팔달구 매산로1가 111번지 32호,경기도 수원시 팔달구 덕영대로 885-1 (매산로1가),199880.2677,418595.296
경기도 수원시 팔달구 매교동 65번지 2호,"경기도 수원시 팔달구 정조로715번길 52, 1층 (매교동)",201274.6899,418654.8363
경기도 수원시 권선구 세류동 1083번지,"경기도 수원시 권선구 세지로56번길 44, 1층 (세류동)",201631.4613,417157.4226
경기도 수원시팔달구 인계동 1132번지 21  호,경기도 수원시 팔달구 권광로124번길 27 (인계동),202794.786,417397.6856
경기도 수원시 장안구 천천동 566번지 현대아파트,"경기도 수원시 장안구 하률로46번길 17, 상가동 103호 (천천동, 현대아파트)",198073.4009,422274.2181
경기도 수원시장안구 파장동 583번지 38  호,경기도 수원시 장안구 파장천로11번길 10 (파장동),199375.6715,422795.1028
경기도 수원시 권선구 세류3동 513번지 7호,경기도 수원시 권선구 정조로 568 (세류동),201074.4664,417504.447
경기도 수원시팔달구 고등동 50번지 1   호,경기도 수원시 팔달구 고화로61번길 22-19 (고등동),200379.6009,419304.0103
경기도 수원시 영통구 영통동 1023-1 메가플러스4,"경기도 수원시 영통구 영일로 8, 메가플러스4 103호 (영통동)",206675.327,416279.8696
경기도 수원시 영통구 원천동 590 수원광교에일린의뜰,"경기도 수원시 영통구 광교호수공원로 155, 상가 1204동 지3층 비118호 (원천동, 수원광교에일린의뜰)",205189.3715,419528.585
경기도 수원시 영통구 영통동 1069 망포역,"경기도 수원시 영통구 덕영대로 지하 1520, 망포역 (영통동)",205765.7402,416064.7222
경기도 수원시 영통구 망포동 485-16,"경기도 수원시 영통구 영통로90번길 12, 1층 (망포동)",205242.8336,415090.7937
경기도 수원시 영통구 매탄동 1178번지,"경기도 수원시 영통구 권선로794번길 8-1, 1층 (매탄동)",203263.1256,417085.6163
경기도 수원시 영통구 매탄동 1217번지 한국아파트,"경기도 수원시 영통구 매영로 84, 지층 101~114,120~123호 (매탄동, 한국아파트)",204464.0954,418391.4093
경기도 수원시 팔달구 매산로2가 74번지 8호,"경기도 수원시 팔달구 갓매산로19번길 28, 1층 (매산로2가)",200396.4938,418260.6683
경기도 수원시 권선구 평동 37번지 37호,"경기도 수원시 권선구 평동로 72, 1층 (평동)",199318.9125,417299.9454
경기도 수원시권선구 서둔동 17번지 383 호,경기도 수원시 권선구 세화로161번길 26-3 (서둔동),199194.6062,418243.8347
경기도 수원시장안구 정자동 35번지 9호,경기도 수원시 장안구 송정로60번길 2 (정자동),200248.4631,421541.1151
경기도 수원시 영통구 영통동 1047번지 1호 건영1차아파트,"경기도 수원시 영통구 청명로 96, 건영1차아파트 상가동 1층 106호 (영통동)",206828.7975,417145.8112
경기도 수원시 권선구 서둔동 27번지 49호 서호파크,"경기도 수원시 권선구 서호동로14번길 52-19 (서둔동, 서호파크)",199003.7865,418122.6716
경기도 수원시 권선구 세류동 1100번지 4호,"경기도 수원시 권선구 경수대로 295, 1층 (세류동)",201701.442,416826.5963
경기도 수원시 권선구 탑동 851번지 3호,경기도 수원시 권선구 하탑로53번길 9 (탑동),197921.2436,418647.603
경기도 수원시 권선구 탑동 815번지 1호,"경기도 수원시 권선구 상탑로 10, 1층 (탑동)",197473.3383,418725.4705
경기도 수원시 권선구 세류동 1140번지 5호,"경기도 수원시 권선구 경수대로235번길 67, 1층 (세류동)",201164.0926,416378.6739
경기도 수원시 권선구 호매실동 1342번지 4호,"경기도 수원시 권선구 금곡로140번길 95-38, 1층 101호 (호매실동)",194893.8798,418547.7147
경기도 수원시 권선구 금곡동 1072번지 수원호매실휴먼시아4단지아파트,"경기도 수원시 권선구 금곡로 137, 상가동 102,103호 (금곡동, 수원호매실휴먼시아4단지아파트)",195255.1868,419189.0671
경기도 수원시 권선구 호매실동,"경기도 수원시 권선구 호매실로165번길 30, 상가동 104호 (호매실동, 휴먼시아16단지)",195909.5459,417586.9813
경기도 수원시 권선구 권선동 1122 수원시청역,"경기도 수원시 권선구 효원로 지하270, 수원시청역 (권선동)",202708.1106,417663.2203
경기도 수원시 권선구 탑동,경기도 수원시 권선구 탑동로 1 (탑동),197726.319,418570.5623
경기도 수원시 권선구 고색동,"경기도 수원시 권선구 서부로 1449-25, 1층 (고색동)",198121.4146,415167.5525
경기도 수원시 권선구 권선동,"경기도 수원시 권선구 권선로668번길 27, 1층 (권선동)",202050.4794,417406.2332
경기도 수원시팔달구 화서동 71번지 4호,경기도 수원시 팔달구 팔달로 128-1 (화서동),200339.8016,419764.4812
경기도 수원시 권선구 세류동,"경기도 수원시 권선구 세권로 42, 1층 (세류동)",200727.8824,417479.7425
경기도 수원시팔달구 화서동 106번지 8   호,경기도 수원시 팔달구 팔달로119번길 42 (화서동),200053.8363,419711.2221
경기도 수원시 권선구 세류동 1145번지,경기도 수원시 권선구 정조로 409 (세류동),201155.2128,415965.7223
경기도 수원시권선구 고색동 46번지 56  호,,,
경기도 수원시권선구 권선동 1188번지 1   호 성지상가104호,"경기도 수원시 권선구 경수대로302번길 32 (권선동,성지상가104호)",201903.8417,416696.2949
경기도 수원시권선구 고색동 39번지 18호,경기도 수원시 권선구 매송고색로 725 (고색동),198483.7315,416658.9665
경기도 수원시팔달구 매산로3가 57번지 13호,,,
경기도 수원시팔달구 매산로1가 57호,,,
경기도 수원시 권선구 탑동 21-3,경기도 수원시 권선구 금호로246번길 39 (탑동),197935.6365,419114.9115
경기도 수원시권선구 서둔동 97번지 57  호,경기도 수원시 권선구 서호서로15번길 24-14 (서둔동),198384.876,418593.8564
경기도 수원시팔달구 화서동 34번지 10호,경기도 수원시 팔달구 팔달로183번길 13 (화서동),200481.3491,420291.086
경기도 수원시팔달구 인계동 1000호,경기도 수원시 팔달구 세지로174번길 24-3 (인계동),201993.734,418279.3282
경기도 수원시팔달구 화서동 118번지 20  호,경기도 수원시 팔달구 팔달로127번길 82 (화서동),199905.6551,419816.6115
경기도 수원시 장안구 영화동 308번지 1호,경기도 수원시 장안구 정조로 941 (영화동),200985.7595,421034.4276
경기도 수원시 권선구 권선동 958번지,경기도 수원시 권선구 장다리로 134 (권선동),201982.9016,417768.4186
경기도 수원시장안구 정자동 313번지 1호 2차상가 1층 - 1,"경기도 수원시 장안구 장안로 211, -동 1호 (정자동,2차상가 1층)",199351.941,422056.6727
경기도 수원시장안구 정자동 383호 범야상가 - 115,"경기도 수원시 장안구 장안로217번길 14, -동 115호 (정자동,범야상가)",199344.9209,422201.1557
경기도 수원시 장안구 파장동 204번지 13호 유니빌,"경기도 수원시 장안구 수일로16번길 15-4, 101호 (파장동, 유니빌)",199475.912,423222.5891
경기도 수원시 권선구 권선동 1356번지,"경기도 수원시 권선구 곡선로 20, 상가동동 101호 (권선동, 수원아이파크시티6단지)",202271.1343,415157.0111
경기도 수원시장안구 파장동 385번지 7호,경기도 수원시 장안구 파장천로58번길 21 (파장동),199739.9844,423072.9838
경기도 수원시 장안구 조원동 676번지 16호,경기도 수원시 장안구 수성로 361 (조원동),200925.1888,421285.7045
경기도 수원시 장안구 파장동 579번지,경기도 수원시 장안구 경수대로1081번길 33 (파장동),199325.1179,422880.728
경기도 수원시장안구 영화동 271번지 22  호,경기도 수원시 장안구 수성로 364 (영화동),200982.176,421267.6471
경기도 수원시팔달구 화서동 97번지 1호 화서상가 지층,"경기도 수원시 팔달구 동말로 72 (화서동,화서상가 지층)",200114.6561,419621.3797
경기도 수원시장안구 연무동 228번지 29  호,경기도 수원시 장안구 창훈로19번길 12-17 (연무동),202572.6892,421447.0299
경기도 수원시권선구 고색동 890번지 124 호,경기도 수원시 권선구 서둔로7번길 31-1 (고색동),198392.7095,416680.1998
경기도 수원시장안구 연무동 237호,경기도 수원시 장안구 연무로 41 (연무동),202306.3112,421441.3127
"경기도 수원시장안구 조원동 471번지 12호 ,472-6","경기도 수원시 장안구 금당로 110-12 (조원동,,472-6)",201847.6924,421950.024
경기도 수원시팔달구 매산로2가 40번지 4   호,경기도 수원시 팔달구 매산로 45 (매산로2가),200456.8638,418548.319
경기도 수원시 장안구 조원2동 896번지,경기도 수원시 장안구 경수대로 930 (조원동),200709.8824,422304.0724
경기도 수원시팔달구 화서동 184번지 62  호,경기도 수원시 팔달구 동말로 14 (화서동),199556.9324,419479.5614
경기도 수원시팔달구 고등동 9번지 26호,,,
경기도 수원시 장안구 연무동 213-16,경기도 수원시 장안구 창훈로 57 (연무동),202521.8056,421684.1178
경기도 수원시팔달구 화서동 108번지 3호,경기도 수원시 팔달구 팔달로107번길 52 (화서동),199989.2256,419612.198
경기도 수원시팔달구 화서동 108번지 3호,경기도 수원시 팔달구 팔달로107번길 52 (화서동),199989.2256,419612.198
경기도 수원시권선구 세류동 1085번지 12호,경기도 수원시 권선구 세지로42번길 31-23 (세류동),201565.7514,417175.1764
경기도 수원시팔달구 화서동 137번지 4호,경기도 수원시 팔달구 동말로 5 (화서동),199485.5821,419473.0797
경기도 수원시 영통구 이의동 1226 광교 해모로 아파트,"경기도 수원시 영통구 광교로 286, 101호 (이의동, 광교 해모로 아파트)",204623.3571,422767.2811
경기도 수원시 팔달구 고등동 116 102호,"경기도 수원시 팔달구 고매로 1, 102호 (고등동)",200309.4542,418674.1194
경기도 수원시 영통구 매탄동 1252-6,경기도 수원시 영통구 매탄로140번길 68-32 (매탄동),204123.7422,417750.9873
경기도 수원시 권선구 구운동 947-8 일월프라자,"경기도 수원시 권선구 구운로47번길 6, 일월프라자 1층 (구운동)",197544.9156,419552.9384
경기도 수원시 권선구 입북동 810 서수원 자이아파트,"경기도 수원시 권선구 입북로 50, 301동 101층 (입북동, 서수원 자이아파트)",196338.3606,421640.2638
경기도 수원시 권선구 권선동 1015-4,"경기도 수원시 권선구 권광로123번길 12, 1층 (권선동)",202593.7312,417475.1529
경기도 수원시영통구 원천동 78번지 84호,경기도 수원시 영통구 동수원로537번길 16-22 (원천동),204254.0298,419246.1907
경기도 수원시 권선구 고색동 389번지 3호,"경기도 수원시 권선구 매송고색로676번길 2, 1층 (고색동)",198018.2649,416444.7919
경기도 수원시팔달구 인계동 371번지 1호,경기도 수원시 팔달구 권광로276번길 9 (인계동),203182.4866,418920.4454
경기도 수원시권선구 당수동 19번지 2   호,,,
경기도 수원시장안구 정자동 76번지 3   호,경기도 수원시 장안구 수성로 263 (정자동),200045.2662,420915.5434
경기도 수원시팔달구 화서동 644번지 4   호,경기도 수원시 팔달구 덕영대로697번길 21-7 (화서동),199127.4387,420358.8813
경기도 수원시영통구 원천동 444호,,205116,418819.2982
경기도 수원시팔달구 화서동 685번지 7   호,경기도 수원시 팔달구 화산로 8 (화서동),198690.2598,420394.7669
경기도 수원시 영통구 영통동 976-5 도담빌딩,"경기도 수원시 영통구 덕영대로 1529, 버스표판매소  (영통동)",205097.4094,416038.7176
경기도 수원시장안구 파장동 576호,경기도 수원시 장안구 경수대로 1079 (파장동),199403.6021,423017.2164
경기도 수원시영통구 매탄동 810번지 3   호 삼성1차상가  120,"경기도 수원시 영통구 인계로 219, 120호 (매탄동,삼성1차상가)",203654.1409,418212.5853
